risk_level,customers,churn_rate,avg_churn_probability,avg_tenure,median_tenure,complaint_rate,has_complaint_rate,avg_days_since_last_order,avg_order_count,avg_coupon_used,avg_cashback_amount,avg_satisfaction_score,avg_warehouse_to_home
High Risk,853,1.0,0.8834525205158266,2.6318874560375147,1.0,0.5568581477139508,0.5568581477139508,2.9237983587338805,2.6822977725674093,1.6670574443141852,158.2485345838218,3.406799531066823,15.798358733880422
Low Risk,4680,0.0019230769230769232,0.028260683760683757,11.070726495726495,10.0,0.2329059829059829,0.2329059829059829,4.549145299145299,2.8935897435897435,1.6673076923076924,180.72542735042734,3.0014957264957265,14.785042735042735
Medium Risk,97,0.8865979381443299,0.5906185567010309,6.422680412371134,2.0,0.4020618556701031,0.4020618556701031,4.134020618556701,3.3917525773195876,1.907216494845361,175.01030927835052,3.2268041237113403,15.02061855670103
